<?xml version="1.0" encoding="ISO-8859-1" ?>

<!--TRANSLATION NOTE : When you translate this file in your language,
make sure you have specified the proper encoding in the 1st line
(Korean : euc-kr, Japanese : shift_jis, Chinese (Taiwan) : Big5, Chinese (Mainland) :
GB2312, Latin1 : ISO-8859-1). Also make sure that the characters in the
translated file are in the same encoding as specified in the 1st line-->

<!DOCTYPE CIM SYSTEM "cimv20.dtd">
<?xml-stylesheet type="text/xsl" href="IBMupdate.xsl" ?>
<CIM CIMVERSION="2.0" DTDVERSION="2.0">
 <MESSAGE ID="1" PROTOCOLVERSION="1.0">
 <MULTIREQ>
 <!-- Create single instance of IBMPSG_SystemUpdateProduct identifying this profile -->
  <SIMPLEREQ>
   <IMETHODCALL NAME="CreateInstance">
    <LOCALNAMESPACEPATH>
     <NAMESPACE NAME="root"/>
     <NAMESPACE NAME="cimv2"/>
    </LOCALNAMESPACEPATH>
    <IPARAMVALUE NAME="NewInstance">
     <INSTANCE CLASSNAME="IBMPSG_SystemUpdateProduct">
      <PROPERTY NAME="Name" TYPE="string"><VALUE>IBM Linux SMBus device driver Install</VALUE></PROPERTY>
      <PROPERTY NAME="IdentifyingNumber" TYPE="string"><VALUE>999999999</VALUE></PROPERTY>
      <PROPERTY NAME="Version" TYPE="string"><VALUE>4.10</VALUE></PROPERTY>
      <PROPERTY NAME="ibmSchemaVersion" TYPE="string"><VALUE>1.0</VALUE></PROPERTY>
     </INSTANCE>
    </IPARAMVALUE>
   </IMETHODCALL>
  </SIMPLEREQ>

  <SIMPLEREQ>
   <IMETHODCALL NAME="CreateInstance">
    <LOCALNAMESPACEPATH>
     <NAMESPACE NAME="root"/>
     <NAMESPACE NAME="cimv2"/>
    </LOCALNAMESPACEPATH>
    <IPARAMVALUE NAME="NewInstance">
     <INSTANCE CLASSNAME="IBMPSG_SystemUpdateElement">
<PROPERTY NAME="Name" TYPE="string"><VALUE>IBM Linux SMBus device driver</VALUE></PROPERTY>
<PROPERTY NAME="SoftwareElementID" TYPE="string"><VALUE>ABCDEF</VALUE></PROPERTY>
<PROPERTY NAME="SoftwareElementState" TYPE="uint16"><VALUE>1</VALUE></PROPERTY>
<PROPERTY NAME="TargetOperatingSystem" TYPE="uint16"><VALUE>36</VALUE></PROPERTY>
<PROPERTY NAME="Version" TYPE="string"><VALUE>Version 4.10</VALUE></PROPERTY>
<PROPERTY.ARRAY NAME="applicableMachineTypes" TYPE="string"><VALUE.ARRAY>
    <VALUE>IBM Linux SMBus device driver</VALUE>
 </VALUE.ARRAY></PROPERTY.ARRAY>
<PROPERTY.ARRAY NAME="applicableOperatingSystems" TYPE="string"><VALUE.ARRAY>
    <VALUE>Red Hat Linux 7.1</VALUE>
    <VALUE>Red Hat Linux 7.2</VALUE>
    <VALUE>Red Hat Linux 7.3</VALUE>
    <VALUE>Red Hat Linux Advanced Server 2.1</VALUE>
    <VALUE>SuSE Linux 7.2</VALUE>
    <VALUE>SuSE Linux 7.3</VALUE>
    <VALUE>SuSE Linux 8.0</VALUE>
    <VALUE>SLES 8.0</VALUE>
</VALUE.ARRAY></PROPERTY.ARRAY>
<PROPERTY NAME="buildNumber" TYPE="string"><VALUE>0000</VALUE></PROPERTY>
<PROPERTY NAME="description" TYPE="string"><VALUE>IBM Linux SMBus driver provides functionality for IBM Director Agent.</VALUE></PROPERTY>
<PROPERTY NAME="installCommandLine" TYPE="string"><VALUE></VALUE></PROPERTY>
<PROPERTY NAME="installationNotes" TYPE="string"><VALUE>This update is packaged as a Linux RPM.</VALUE></PROPERTY>
<PROPERTY NAME="languageEdition" TYPE="string"><VALUE>All</VALUE></PROPERTY>
<PROPERTY NAME="manufacturer" TYPE="string"><VALUE>IBM</VALUE></PROPERTY>
<PROPERTY NAME="rebootRequired" TYPE="uint8"><VALUE>1</VALUE></PROPERTY>
<PROPERTY NAME="regions" TYPE="string"><VALUE>Worldwide</VALUE></PROPERTY>
<PROPERTY NAME="releaseDate" TYPE="datetime"><VALUE>02-20-2003</VALUE></PROPERTY>
<PROPERTY NAME="revisionHistory" TYPE="string"><VALUE>Version 4.10  Modified 02-20-2003.</VALUE></PROPERTY>
<PROPERTY NAME="severity" TYPE="uint8"><VALUE>99</VALUE></PROPERTY>
<PROPERTY NAME="installDirectory" TYPE="string"><VALUE>.</VALUE></PROPERTY>
<PROPERTY NAME="unattendedInstallCommandLine" TYPE="string"><VALUE>rpm -i ibmsmb-4.10-1.i386.rpm</VALUE></PROPERTY>
<PROPERTY NAME="unattendedUninstallCommandLine" TYPE="string"><VALUE></VALUE></PROPERTY>
<PROPERTY NAME="uninstallCommandLine" TYPE="string"><VALUE></VALUE></PROPERTY>
     </INSTANCE>
    </IPARAMVALUE>
   </IMETHODCALL>
  </SIMPLEREQ>
 </MULTIREQ>
 </MESSAGE>
</CIM>
